annee;scenario;solde_moins_favorable_pib;solde_plus_favorable_pib
2024;Sans réforme;-0.00200;-0.00200
2025;Sans réforme;-0.00233;-0.00233
2026;Sans réforme;-0.00267;-0.00267
2027;Sans réforme;-0.00300;-0.00300
2028;Sans réforme;-0.00333;-0.00333
2029;Sans réforme;-0.00367;-0.00367
2030;Sans réforme;-0.00400;-0.00400
2031;Sans réforme;-0.00410;-0.00410
2032;Sans réforme;-0.00420;-0.00420
2033;Sans réforme;-0.00430;-0.00430
2034;Sans réforme;-0.00440;-0.00440
2035;Sans réforme;-0.00450;-0.00450
2036;Sans réforme;-0.00460;-0.00460
2037;Sans réforme;-0.00470;-0.00470
2038;Sans réforme;-0.00480;-0.00480
2039;Sans réforme;-0.00490;-0.00490
2040;Sans réforme;-0.00500;-0.00500
2041;Sans réforme;-0.00510;-0.00510
2042;Sans réforme;-0.00520;-0.00520
2043;Sans réforme;-0.00530;-0.00530
2044;Sans réforme;-0.00540;-0.00540
2045;Sans réforme;-0.00550;-0.00550
2046;Sans réforme;-0.00560;-0.00560
2047;Sans réforme;-0.00570;-0.00570
2048;Sans réforme;-0.00580;-0.00580
2049;Sans réforme;-0.00590;-0.00590
2050;Sans réforme;-0.00600;-0.00600
2051;Sans réforme;-0.00610;-0.00610
2052;Sans réforme;-0.00620;-0.00620
2053;Sans réforme;-0.00630;-0.00630
2054;Sans réforme;-0.00640;-0.00640
2055;Sans réforme;-0.00650;-0.00650
2056;Sans réforme;-0.00660;-0.00660
2057;Sans réforme;-0.00670;-0.00670
2058;Sans réforme;-0.00680;-0.00680
2059;Sans réforme;-0.00690;-0.00690
2060;Sans réforme;-0.00700;-0.00700
2061;Sans réforme;-0.00710;-0.00710
2062;Sans réforme;-0.00720;-0.00720
2063;Sans réforme;-0.00730;-0.00730
2064;Sans réforme;-0.00740;-0.00740
2065;Sans réforme;-0.00750;-0.00750
2066;Sans réforme;-0.00760;-0.00760
2067;Sans réforme;-0.00770;-0.00770
2068;Sans réforme;-0.00780;-0.00780
2069;Sans réforme;-0.00790;-0.00790
2070;Sans réforme;-0.00800;-0.00800
2024;Réforme actuelle (fiche #6);-0.00200;-0.00200
2025;Réforme actuelle (fiche #6);-0.00233;-0.00233
2026;Réforme actuelle (fiche #6);-0.00267;-0.00267
2027;Réforme actuelle (fiche #6);-0.00300;-0.00300
2028;Réforme actuelle (fiche #6);-0.00324;-0.00271
2029;Réforme actuelle (fiche #6);-0.00343;-0.00241
2030;Réforme actuelle (fiche #6);-0.00294;-0.00200
2031;Réforme actuelle (fiche #6);-0.00200;-0.00195
2032;Réforme actuelle (fiche #6);-0.00189;-0.00185
2033;Réforme actuelle (fiche #6);-0.00184;-0.00170
2034;Réforme actuelle (fiche #6);-0.00178;-0.00155
2035;Réforme actuelle (fiche #6);-0.00173;-0.00140
2036;Réforme actuelle (fiche #6);-0.00167;-0.00124
2037;Réforme actuelle (fiche #6);-0.00162;-0.00109
2038;Réforme actuelle (fiche #6);-0.00170;-0.00114
2039;Réforme actuelle (fiche #6);-0.00177;-0.00119
2040;Réforme actuelle (fiche #6);-0.00185;-0.00124
2041;Réforme actuelle (fiche #6);-0.00192;-0.00129
2042;Réforme actuelle (fiche #6);-0.00200;-0.00134
2043;Réforme actuelle (fiche #6);-0.00200;-0.00139
2044;Réforme actuelle (fiche #6);-0.00200;-0.00150
2045;Réforme actuelle (fiche #6);-0.00200;-0.00161
2046;Réforme actuelle (fiche #6);-0.00200;-0.00172
2047;Réforme actuelle (fiche #6);-0.00200;-0.00183
2048;Réforme actuelle (fiche #6);-0.00200;-0.00194
2049;Réforme actuelle (fiche #6);-0.00200;-0.00200
2050;Réforme actuelle (fiche #6);-0.00200;-0.00200
2051;Réforme actuelle (fiche #6);-0.00200;-0.00200
2052;Réforme actuelle (fiche #6);-0.00200;-0.00200
2053;Réforme actuelle (fiche #6);-0.00200;-0.00200
2054;Réforme actuelle (fiche #6);-0.00200;-0.00200
2055;Réforme actuelle (fiche #6);-0.00200;-0.00200
2056;Réforme actuelle (fiche #6);-0.00200;-0.00200
2057;Réforme actuelle (fiche #6);-0.00200;-0.00200
2058;Réforme actuelle (fiche #6);-0.00200;-0.00200
2059;Réforme actuelle (fiche #6);-0.00200;-0.00200
2060;Réforme actuelle (fiche #6);-0.00200;-0.00200
2061;Réforme actuelle (fiche #6);-0.00200;-0.00200
2062;Réforme actuelle (fiche #6);-0.00200;-0.00200
2063;Réforme actuelle (fiche #6);-0.00200;-0.00200
2064;Réforme actuelle (fiche #6);-0.00200;-0.00200
2065;Réforme actuelle (fiche #6);-0.00200;-0.00200
2066;Réforme actuelle (fiche #6);-0.00200;-0.00200
2067;Réforme actuelle (fiche #6);-0.00200;-0.00200
2068;Réforme actuelle (fiche #6);-0.00200;-0.00200
2069;Réforme actuelle (fiche #6);-0.00200;-0.00200
2070;Réforme actuelle (fiche #6);-0.00200;-0.00200
2024;Réforme actuelle + fonds collectif;-0.00200;-0.00200
2025;Réforme actuelle + fonds collectif;-0.00233;-0.00233
2026;Réforme actuelle + fonds collectif;-0.00267;-0.00267
2027;Réforme actuelle + fonds collectif;-0.00300;-0.00300
2028;Réforme actuelle + fonds collectif;-0.00324;-0.00271
2029;Réforme actuelle + fonds collectif;-0.00343;-0.00241
2030;Réforme actuelle + fonds collectif;-0.00294;-0.00200
2031;Réforme actuelle + fonds collectif;-0.00200;-0.00195
2032;Réforme actuelle + fonds collectif;-0.00189;-0.00185
2033;Réforme actuelle + fonds collectif;-0.00184;-0.00170
2034;Réforme actuelle + fonds collectif;-0.00178;-0.00155
2035;Réforme actuelle + fonds collectif;-0.00173;-0.00140
2036;Réforme actuelle + fonds collectif;-0.00167;-0.00124
2037;Réforme actuelle + fonds collectif;-0.00162;-0.00109
2038;Réforme actuelle + fonds collectif;-0.00170;-0.00114
2039;Réforme actuelle + fonds collectif;-0.00177;-0.00119
2040;Réforme actuelle + fonds collectif;-0.00185;-0.00124
2041;Réforme actuelle + fonds collectif;-0.00192;-0.00129
2042;Réforme actuelle + fonds collectif;-0.00200;-0.00134
2043;Réforme actuelle + fonds collectif;0.00000;0.00000
2044;Réforme actuelle + fonds collectif;0.00000;0.00000
2045;Réforme actuelle + fonds collectif;0.00000;0.00000
2046;Réforme actuelle + fonds collectif;-0.00006;0.00000
2047;Réforme actuelle + fonds collectif;-0.00021;0.00000
2048;Réforme actuelle + fonds collectif;-0.00037;0.00000
2049;Réforme actuelle + fonds collectif;-0.00052;0.00000
2050;Réforme actuelle + fonds collectif;-0.00068;0.00000
2051;Réforme actuelle + fonds collectif;-0.00082;0.00000
2052;Réforme actuelle + fonds collectif;-0.00097;0.00000
2053;Réforme actuelle + fonds collectif;-0.00112;0.00000
2054;Réforme actuelle + fonds collectif;-0.00126;0.00000
2055;Réforme actuelle + fonds collectif;-0.00141;-0.00001
2056;Réforme actuelle + fonds collectif;-0.00155;-0.00015
2057;Réforme actuelle + fonds collectif;-0.00170;-0.00029
2058;Réforme actuelle + fonds collectif;-0.00184;-0.00042
2059;Réforme actuelle + fonds collectif;-0.00198;-0.00055
2060;Réforme actuelle + fonds collectif;-0.00200;-0.00069
2061;Réforme actuelle + fonds collectif;-0.00200;-0.00082
2062;Réforme actuelle + fonds collectif;-0.00200;-0.00095
2063;Réforme actuelle + fonds collectif;-0.00200;-0.00109
2064;Réforme actuelle + fonds collectif;-0.00200;-0.00122
2065;Réforme actuelle + fonds collectif;-0.00200;-0.00135
2066;Réforme actuelle + fonds collectif;-0.00200;-0.00148
2067;Réforme actuelle + fonds collectif;-0.00200;-0.00162
2068;Réforme actuelle + fonds collectif;-0.00200;-0.00175
2069;Réforme actuelle + fonds collectif;-0.00200;-0.00188
2070;Réforme actuelle + fonds collectif;-0.00200;-0.00200
2024;Refonte : âge indexé aux 2/3, fonds, frein;-0.00200;-0.00200
2025;Refonte : âge indexé aux 2/3, fonds, frein;-0.00233;-0.00233
2026;Refonte : âge indexé aux 2/3, fonds, frein;-0.00267;-0.00267
2027;Refonte : âge indexé aux 2/3, fonds, frein;-0.00300;-0.00300
2028;Refonte : âge indexé aux 2/3, fonds, frein;-0.00324;-0.00271
2029;Refonte : âge indexé aux 2/3, fonds, frein;-0.00343;-0.00241
2030;Refonte : âge indexé aux 2/3, fonds, frein;-0.00294;-0.00200
2031;Refonte : âge indexé aux 2/3, fonds, frein;-0.00200;-0.00195
2032;Refonte : âge indexé aux 2/3, fonds, frein;-0.00189;-0.00185
2033;Refonte : âge indexé aux 2/3, fonds, frein;-0.00184;-0.00170
2034;Refonte : âge indexé aux 2/3, fonds, frein;-0.00178;-0.00155
2035;Refonte : âge indexé aux 2/3, fonds, frein;-0.00166;-0.00129
2036;Refonte : âge indexé aux 2/3, fonds, frein;-0.00154;-0.00103
2037;Refonte : âge indexé aux 2/3, fonds, frein;-0.00142;-0.00077
2038;Refonte : âge indexé aux 2/3, fonds, frein;-0.00142;-0.00071
2039;Refonte : âge indexé aux 2/3, fonds, frein;-0.00143;-0.00065
2040;Refonte : âge indexé aux 2/3, fonds, frein;-0.00144;-0.00059
2041;Refonte : âge indexé aux 2/3, fonds, frein;-0.00145;-0.00053
2042;Refonte : âge indexé aux 2/3, fonds, frein;-0.00145;-0.00047
2043;Refonte : âge indexé aux 2/3, fonds, frein;0.00000;0.00000
2044;Refonte : âge indexé aux 2/3, fonds, frein;0.00000;0.00000
2045;Refonte : âge indexé aux 2/3, fonds, frein;0.00000;0.00000
2046;Refonte : âge indexé aux 2/3, fonds, frein;0.00000;0.00000
2047;Refonte : âge indexé aux 2/3, fonds, frein;0.00000;0.00000
2048;Refonte : âge indexé aux 2/3, fonds, frein;0.00000;0.00000
2049;Refonte : âge indexé aux 2/3, fonds, frein;0.00000;0.00000
2050;Refonte : âge indexé aux 2/3, fonds, frein;0.00000;0.00000
2051;Refonte : âge indexé aux 2/3, fonds, frein;0.00000;0.00000
2052;Refonte : âge indexé aux 2/3, fonds, frein;0.00000;0.00000
2053;Refonte : âge indexé aux 2/3, fonds, frein;0.00000;0.00000
2054;Refonte : âge indexé aux 2/3, fonds, frein;0.00000;0.00000
2055;Refonte : âge indexé aux 2/3, fonds, frein;0.00000;0.00000
2056;Refonte : âge indexé aux 2/3, fonds, frein;0.00000;0.00000
2057;Refonte : âge indexé aux 2/3, fonds, frein;0.00000;0.00000
2058;Refonte : âge indexé aux 2/3, fonds, frein;0.00000;0.00000
2059;Refonte : âge indexé aux 2/3, fonds, frein;0.00000;0.00000
2060;Refonte : âge indexé aux 2/3, fonds, frein;-0.00007;0.00000
2061;Refonte : âge indexé aux 2/3, fonds, frein;-0.00015;0.00000
2062;Refonte : âge indexé aux 2/3, fonds, frein;-0.00022;0.00000
2063;Refonte : âge indexé aux 2/3, fonds, frein;-0.00030;0.00000
2064;Refonte : âge indexé aux 2/3, fonds, frein;-0.00037;0.00000
2065;Refonte : âge indexé aux 2/3, fonds, frein;-0.00045;0.00000
2066;Refonte : âge indexé aux 2/3, fonds, frein;-0.00052;0.00000
2067;Refonte : âge indexé aux 2/3, fonds, frein;-0.00059;0.00000
2068;Refonte : âge indexé aux 2/3, fonds, frein;-0.00067;0.00000
2069;Refonte : âge indexé aux 2/3, fonds, frein;-0.00074;0.00000
2070;Refonte : âge indexé aux 2/3, fonds, frein;-0.00081;0.00000
2024;Refonte sans frein;-0.00200;-0.00200
2025;Refonte sans frein;-0.00233;-0.00233
2026;Refonte sans frein;-0.00267;-0.00267
2027;Refonte sans frein;-0.00300;-0.00300
2028;Refonte sans frein;-0.00438;-0.00385
2029;Refonte sans frein;-0.00573;-0.00469
2030;Refonte sans frein;-0.00638;-0.00515
2031;Refonte sans frein;-0.00622;-0.00509
2032;Refonte sans frein;-0.00606;-0.00503
2033;Refonte sans frein;-0.00590;-0.00497
2034;Refonte sans frein;-0.00574;-0.00491
2035;Refonte sans frein;-0.00547;-0.00478
2036;Refonte sans frein;-0.00520;-0.00465
2037;Refonte sans frein;-0.00492;-0.00452
2038;Refonte sans frein;-0.00485;-0.00452
2039;Refonte sans frein;-0.00478;-0.00452
2040;Refonte sans frein;-0.00471;-0.00452
2041;Refonte sans frein;-0.00464;-0.00452
2042;Refonte sans frein;-0.00456;-0.00452
2043;Refonte sans frein;-0.00205;-0.00182
2044;Refonte sans frein;-0.00214;-0.00184
2045;Refonte sans frein;-0.00222;-0.00185
2046;Refonte sans frein;-0.00230;-0.00187
2047;Refonte sans frein;-0.00238;-0.00189
2048;Refonte sans frein;-0.00245;-0.00191
2049;Refonte sans frein;-0.00253;-0.00192
2050;Refonte sans frein;-0.00260;-0.00194
2051;Refonte sans frein;-0.00268;-0.00196
2052;Refonte sans frein;-0.00275;-0.00197
2053;Refonte sans frein;-0.00283;-0.00199
2054;Refonte sans frein;-0.00290;-0.00200
2055;Refonte sans frein;-0.00297;-0.00202
2056;Refonte sans frein;-0.00304;-0.00203
2057;Refonte sans frein;-0.00311;-0.00205
2058;Refonte sans frein;-0.00318;-0.00206
2059;Refonte sans frein;-0.00324;-0.00208
2060;Refonte sans frein;-0.00331;-0.00209
2061;Refonte sans frein;-0.00338;-0.00210
2062;Refonte sans frein;-0.00344;-0.00212
2063;Refonte sans frein;-0.00351;-0.00213
2064;Refonte sans frein;-0.00357;-0.00214
2065;Refonte sans frein;-0.00363;-0.00215
2066;Refonte sans frein;-0.00370;-0.00216
2067;Refonte sans frein;-0.00376;-0.00218
2068;Refonte sans frein;-0.00382;-0.00219
2069;Refonte sans frein;-0.00388;-0.00220
2070;Refonte sans frein;-0.00394;-0.00221
